coach,coach.link,coach.link.ref,team,year
Joe Golding,history.php?c=Joe+Golding,Joe+Golding,Abilene Christian,2016
Dave Pilipovich,history.php?c=Dave+Pilipovich,Dave+Pilipovich,Air Force,2016
Keith Dambrot,history.php?c=Keith+Dambrot,Keith+Dambrot,Akron,2016
Avery Johnson,history.php?c=Avery+Johnson,Avery+Johnson,Alabama,2016
Willie Hayes,history.php?c=Willie+Hayes,Willie+Hayes,Alabama A&M,2016
Lewis Jackson,history.php?c=Lewis+Jackson,Lewis+Jackson,Alabama St.,2016
Will Brown,history.php?c=Will+Brown,Will+Brown,Albany,2016
Montez Robinson,history.php?c=Montez+Robinson,Montez+Robinson,Alcorn St.,2016
Mike Brennan,history.php?c=Mike+Brennan,Mike+Brennan,American,2016
Jim Fox,history.php?c=Jim+Fox,Jim+Fox,Appalachian St.,2016
Sean Miller,history.php?c=Sean+Miller,Sean+Miller,Arizona,2016
Bobby Hurley,history.php?c=Bobby+Hurley,Bobby+Hurley,Arizona St.,2016
Mike Anderson,history.php?c=Mike+Anderson,Mike+Anderson,Arkansas,2016
Chris Beard,history.php?c=Chris+Beard,Chris+Beard,Arkansas Little Rock,2016
George Ivory,history.php?c=George+Ivory,George+Ivory,Arkansas Pine Bluff,2016
John Brady,history.php?c=John+Brady,John+Brady,Arkansas St.,2016
Zach Spiker,history.php?c=Zach+Spiker,Zach+Spiker,Army,2016
Bruce Pearl,history.php?c=Bruce+Pearl,Bruce+Pearl,Auburn,2016
Dave Loos,history.php?c=Dave+Loos,Dave+Loos,Austin Peay,2016
James Whitford,history.php?c=James+Whitford,James+Whitford,Ball St.,2016
Scott Drew,history.php?c=Scott+Drew,Scott+Drew,Baylor,2016
Rick Byrd,history.php?c=Rick+Byrd,Rick+Byrd,Belmont,2016
Gravelle Craig,history.php?c=Gravelle+Craig,Gravelle+Craig,Bethune Cookman,2016
Tommy Dempsey,history.php?c=Tommy+Dempsey,Tommy+Dempsey,Binghamton,2016
Leon Rice,history.php?c=Leon+Rice,Leon+Rice,Boise St.,2016
Jim Christian,history.php?c=Jim+Christian,Jim+Christian,Boston College,2016
Joe Jones,history.php?c=Joe+Jones,Joe+Jones,Boston University,2016
Michael Huger,history.php?c=Michael+Huger,Michael+Huger,Bowling Green,2016
Brian Wardle,history.php?c=Brian+Wardle,Brian+Wardle,Bradley,2016
Mike Martin,history.php?c=Mike+Martin,Mike+Martin,Brown,2016
Tim O'Shea,history.php?c=Tim+O%27Shea,Tim+O%27Shea,Bryant,2016
Nathan Davis,history.php?c=Nathan+Davis,Nathan+Davis,Bucknell,2016
Nate Oats,history.php?c=Nate+Oats,Nate+Oats,Buffalo,2016
Chris Holtmann,history.php?c=Chris+Holtmann,Chris+Holtmann,Butler,2016
Dave Rose,history.php?c=Dave+Rose,Dave+Rose,BYU,2016
Joe Callero,history.php?c=Joe+Callero,Joe+Callero,Cal Poly,2016
Rod Barnes,history.php?c=Rod+Barnes,Rod+Barnes,Cal St. Bakersfield,2016
Dedrique Taylor,history.php?c=Dedrique+Taylor,Dedrique+Taylor,Cal St. Fullerton,2016
Reggie Theus,history.php?c=Reggie+Theus,Reggie+Theus,Cal St. Northridge,2016
Cuonzo Martin,history.php?c=Cuonzo+Martin,Cuonzo+Martin,California,2016
Kevin McGeehan,history.php?c=Kevin+McGeehan,Kevin+McGeehan,Campbell,2016
Jim Baron,history.php?c=Jim+Baron,Jim+Baron,Canisius,2016
Russ Pennell,history.php?c=Russ+Pennell,Russ+Pennell,Central Arkansas,2016
Howie Dickenman,history.php?c=Howie+Dickenman,Howie+Dickenman,Central Connecticut,2016
Keno Davis,history.php?c=Keno+Davis,Keno+Davis,Central Michigan,2016
Barclay Radebaugh,history.php?c=Barclay+Radebaugh,Barclay+Radebaugh,Charleston Southern,2016
Mark Price,history.php?c=Mark+Price,Mark+Price,Charlotte,2016
Matt McCall,history.php?c=Matt+McCall,Matt+McCall,Chattanooga,2016
Tracy Dildy,history.php?c=Tracy+Dildy,Tracy+Dildy,Chicago St.,2016
Mick Cronin,history.php?c=Mick+Cronin,Mick+Cronin,Cincinnati,2016
Brad Brownell,history.php?c=Brad+Brownell,Brad+Brownell,Clemson,2016
Gary Waters,history.php?c=Gary+Waters,Gary+Waters,Cleveland St.,2016
Cliff Ellis,history.php?c=Cliff+Ellis,Cliff+Ellis,Coastal Carolina,2016
Matt Langel,history.php?c=Matt+Langel,Matt+Langel,Colgate,2016
Earl Grant,history.php?c=Earl+Grant,Earl+Grant,College of Charleston,2016
Tad Boyle,history.php?c=Tad+Boyle,Tad+Boyle,Colorado,2016
Larry Eustachy,history.php?c=Larry+Eustachy,Larry+Eustachy,Colorado St.,2016
Kyle Smith,history.php?c=Kyle+Smith,Kyle+Smith,Columbia,2016
Kevin Ollie,history.php?c=Kevin+Ollie,Kevin+Ollie,Connecticut,2016
Michael Grant,history.php?c=Michael+Grant,Michael+Grant,Coppin St.,2016
Bill Courtney,history.php?c=Bill+Courtney,Bill+Courtney,Cornell,2016
Greg McDermott,history.php?c=Greg+McDermott,Greg+McDermott,Creighton,2016
Paul Cormier,history.php?c=Paul+Cormier,Paul+Cormier,Dartmouth,2016
Bob McKillop,history.php?c=Bob+McKillop,Bob+McKillop,Davidson,2016
Archie Miller,history.php?c=Archie+Miller,Archie+Miller,Dayton,2016
Monte Ross,history.php?c=Monte+Ross,Monte+Ross,Delaware,2016
Keith Walker,history.php?c=Keith+Walker,Keith+Walker,Delaware St.,2016
Joe Scott,history.php?c=Joe+Scott,Joe+Scott,Denver,2016
Dave Leitao,history.php?c=Dave+Leitao,Dave+Leitao,DePaul,2016
Ray McCallum,history.php?c=Ray+McCallum,Ray+McCallum,Detroit,2016
Ray Giacoletti,history.php?c=Ray+Giacoletti,Ray+Giacoletti,Drake,2016
Bruiser Flint,history.php?c=Bruiser+Flint,Bruiser+Flint,Drexel,2016
Mike Krzyzewski,history.php?c=Mike+Krzyzewski,Mike+Krzyzewski,Duke,2016
Jim Ferry,history.php?c=Jim+Ferry,Jim+Ferry,Duquesne,2016
Jeff Lebo,history.php?c=Jeff+Lebo,Jeff+Lebo,East Carolina,2016
Steve Forbes,history.php?c=Steve+Forbes,Steve+Forbes,East Tennessee St.,2016
Jay Spoonhour,history.php?c=Jay+Spoonhour,Jay+Spoonhour,Eastern Illinois,2016
Dan McHale,history.php?c=Dan+McHale,Dan+McHale,Eastern Kentucky,2016
Rob Murphy,history.php?c=Rob+Murphy,Rob+Murphy,Eastern Michigan,2016
Jim Hayford,history.php?c=Jim+Hayford,Jim+Hayford,Eastern Washington,2016
Matt Matheny,history.php?c=Matt+Matheny,Matt+Matheny,Elon,2016
Marty Simmons,history.php?c=Marty+Simmons,Marty+Simmons,Evansville,2016
Sydney Johnson,history.php?c=Sydney+Johnson,Sydney+Johnson,Fairfield,2016
Greg Herenda,history.php?c=Greg+Herenda,Greg+Herenda,Fairleigh Dickinson,2016
Anthony Evans,history.php?c=Anthony+Evans,Anthony+Evans,FIU,2016
Michael White,history.php?c=Michael+White,Michael+White,Florida,2016
Byron Samuels,history.php?c=Byron+Samuels,Byron+Samuels,Florida A&M,2016
Michael Curry,history.php?c=Michael+Curry,Michael+Curry,Florida Atlantic,2016
Joe Dooley,history.php?c=Joe+Dooley,Joe+Dooley,Florida Gulf Coast,2016
Leonard Hamilton,history.php?c=Leonard+Hamilton,Leonard+Hamilton,Florida St.,2016
Jeff Neubauer,history.php?c=Jeff+Neubauer,Jeff+Neubauer,Fordham,2016
Rodney Terry,history.php?c=Rodney+Terry,Rodney+Terry,Fresno St.,2016
Niko Medved,history.php?c=Niko+Medved,Niko+Medved,Furman,2016
Tim Craft,history.php?c=Tim+Craft,Tim+Craft,Gardner Webb,2016
Dave Paulsen,history.php?c=Dave+Paulsen,Dave+Paulsen,George Mason,2016
Mike Lonergan,history.php?c=Mike+Lonergan,Mike+Lonergan,George Washington,2016
John Thompson III,history.php?c=John+Thompson+III,John+Thompson+III,Georgetown,2016
Mark Fox,history.php?c=Mark+Fox,Mark+Fox,Georgia,2016
Mark Byington,history.php?c=Mark+Byington,Mark+Byington,Georgia Southern,2016
Ron Hunter,history.php?c=Ron+Hunter,Ron+Hunter,Georgia St.,2016
Brian Gregory,history.php?c=Brian+Gregory,Brian+Gregory,Georgia Tech,2016
Mark Few,history.php?c=Mark+Few,Mark+Few,Gonzaga,2016
Shawn Walker,history.php?c=Shawn+Walker,Shawn+Walker,Grambling St.,2016
Dan Majerle,history.php?c=Dan+Majerle,Dan+Majerle,Grand Canyon,2016
Linc Darner,history.php?c=Linc+Darner,Linc+Darner,Green Bay,2016
Edward Joyner Jr,history.php?c=Edward+Joyner+Jr,Edward+Joyner+Jr,Hampton,2016
John Gallagher,history.php?c=John+Gallagher,John+Gallagher,Hartford,2016
Tommy Amaker,history.php?c=Tommy+Amaker,Tommy+Amaker,Harvard,2016
Eran Ganot,history.php?c=Eran+Ganot,Eran+Ganot,Hawaii,2016
Scott Cherry,history.php?c=Scott+Cherry,Scott+Cherry,High Point,2016
Joe Mihalich,history.php?c=Joe+Mihalich,Joe+Mihalich,Hofstra,2016
Bill Carmody,history.php?c=Bill+Carmody,Bill+Carmody,Holy Cross,2016
Kelvin Sampson,history.php?c=Kelvin+Sampson,Kelvin+Sampson,Houston,2016
Ron Cottrell,history.php?c=Ron+Cottrell,Ron+Cottrell,Houston Baptist,2016
Kevin Nickelberry,history.php?c=Kevin+Nickelberry,Kevin+Nickelberry,Howard,2016
Don Verlin,history.php?c=Don+Verlin,Don+Verlin,Idaho,2016
Bill Evans,history.php?c=Bill+Evans,Bill+Evans,Idaho St.,2016
John Groce,history.php?c=John+Groce,John+Groce,Illinois,2016
Steve McClain,history.php?c=Steve+McClain,Steve+McClain,Illinois Chicago,2016
Dan Muller,history.php?c=Dan+Muller,Dan+Muller,Illinois St.,2016
Ken Burmeister,history.php?c=Ken+Burmeister,Ken+Burmeister,Incarnate Word,2016
Tom Crean,history.php?c=Tom+Crean,Tom+Crean,Indiana,2016
Greg Lansing,history.php?c=Greg+Lansing,Greg+Lansing,Indiana St.,2016
Tim Cluess,history.php?c=Tim+Cluess,Tim+Cluess,Iona,2016
Fran McCaffery,history.php?c=Fran+McCaffery,Fran+McCaffery,Iowa,2016
Steve Prohm,history.php?c=Steve+Prohm,Steve+Prohm,Iowa St.,2016
Jon Coffman,history.php?c=Jon+Coffman,Jon+Coffman,IPFW,2016
Jason Gardner,history.php?c=Jason+Gardner,Jason+Gardner,IUPUI,2016
Wayne Brent,history.php?c=Wayne+Brent,Wayne+Brent,Jackson St.,2016
Tony Jasick,history.php?c=Tony+Jasick,Tony+Jasick,Jacksonville,2016
James Green,history.php?c=James+Green,James+Green,Jacksonville St.,2016
Matt Brady,history.php?c=Matt+Brady,Matt+Brady,James Madison,2016
Bill Self,history.php?c=Bill+Self,Bill+Self,Kansas,2016
Bruce Weber,history.php?c=Bruce+Weber,Bruce+Weber,Kansas St.,2016
Al Skinner,history.php?c=Al+Skinner,Al+Skinner,Kennesaw St.,2016
Rob Senderoff,history.php?c=Rob+Senderoff,Rob+Senderoff,Kent St.,2016
John Calipari,history.php?c=John+Calipari,John+Calipari,Kentucky,2016
John Giannini,history.php?c=John+Giannini,John+Giannini,La Salle,2016
Fran O'Hanlon,history.php?c=Fran+O%27Hanlon,Fran+O%27Hanlon,Lafayette,2016
Tic Price,history.php?c=Tic+Price,Tic+Price,Lamar,2016
Brett Reed,history.php?c=Brett+Reed,Brett+Reed,Lehigh,2016
Ritchie McKay,history.php?c=Ritchie+McKay,Ritchie+McKay,Liberty,2016
Casey Alexander,history.php?c=Casey+Alexander,Casey+Alexander,Lipscomb,2016
Jack Perri,history.php?c=Jack+Perri,Jack+Perri,LIU Brooklyn,2016
Dan Monson,history.php?c=Dan+Monson,Dan+Monson,Long Beach St.,2016
Jayson Gee,history.php?c=Jayson+Gee,Jayson+Gee,Longwood,2016
Bob Marlin,history.php?c=Bob+Marlin,Bob+Marlin,Louisiana Lafayette,2016
Keith Richard,history.php?c=Keith+Richard,Keith+Richard,Louisiana Monroe,2016
Eric Konkol,history.php?c=Eric+Konkol,Eric+Konkol,Louisiana Tech,2016
Rick Pitino,history.php?c=Rick+Pitino,Rick+Pitino,Louisville,2016
Porter Moser,history.php?c=Porter+Moser,Porter+Moser,Loyola Chicago,2016
Mike Dunlap,history.php?c=Mike+Dunlap,Mike+Dunlap,Loyola Marymount,2016
G.G. Smith,history.php?c=G.G.+Smith,G.G.+Smith,Loyola MD,2016
Johnny Jones,history.php?c=Johnny+Jones,Johnny+Jones,LSU,2016
Bob Walsh,history.php?c=Bob+Walsh,Bob+Walsh,Maine,2016
Steve Masiello,history.php?c=Steve+Masiello,Steve+Masiello,Manhattan,2016
Mike Maker,history.php?c=Mike+Maker,Mike+Maker,Marist,2016
Steve Wojciechowski,history.php?c=Steve+Wojciechowski,Steve+Wojciechowski,Marquette,2016
Dan D'Antoni,history.php?c=Dan+D%27Antoni,Dan+D%27Antoni,Marshall,2016
Mark Turgeon,history.php?c=Mark+Turgeon,Mark+Turgeon,Maryland,2016
Bobby Collins,history.php?c=Bobby+Collins,Bobby+Collins,Maryland Eastern Shore,2016
Derek Kellogg,history.php?c=Derek+Kellogg,Derek+Kellogg,Massachusetts,2016
Dave Simmons,history.php?c=Dave+Simmons,Dave+Simmons,McNeese St.,2016
Josh Pastner,history.php?c=Josh+Pastner,Josh+Pastner,Memphis,2016
Bob Hoffman,history.php?c=Bob+Hoffman,Bob+Hoffman,Mercer,2016
Jim Larranaga,history.php?c=Jim+Larranaga,Jim+Larranaga,Miami FL,2016
John Cooper,history.php?c=John+Cooper,John+Cooper,Miami OH,2016
John Beilein,history.php?c=John+Beilein,John+Beilein,Michigan,2016
Tom Izzo,history.php?c=Tom+Izzo,Tom+Izzo,Michigan St.,2016
Kermit Davis Jr,history.php?c=Kermit+Davis+Jr,Kermit+Davis+Jr,Middle Tennessee,2016
Rob Jeter,history.php?c=Rob+Jeter,Rob+Jeter,Milwaukee,2016
Richard Pitino,history.php?c=Richard+Pitino,Richard+Pitino,Minnesota,2016
Andy Kennedy,history.php?c=Andy+Kennedy,Andy+Kennedy,Mississippi,2016
Ben Howland,history.php?c=Ben+Howland,Ben+Howland,Mississippi St.,2016
Andre Payne,history.php?c=Andre+Payne,Andre+Payne,Mississippi Valley St.,2016
Kim Anderson,history.php?c=Kim+Anderson,Kim+Anderson,Missouri,2016
Paul Lusk,history.php?c=Paul+Lusk,Paul+Lusk,Missouri St.,2016
King Rice,history.php?c=King+Rice,King+Rice,Monmouth,2016
Travis DeCuire,history.php?c=Travis+DeCuire,Travis+DeCuire,Montana,2016
Brian Fish,history.php?c=Brian+Fish,Brian+Fish,Montana St.,2016
Sean Woods,history.php?c=Sean+Woods,Sean+Woods,Morehead St.,2016
Todd Bozeman,history.php?c=Todd+Bozeman,Todd+Bozeman,Morgan St.,2016
Jamion Christian,history.php?c=Jamion+Christian,Jamion+Christian,Mount St. Mary's,2016
Matt McMahon,history.php?c=Matt+McMahon,Matt+McMahon,Murray St.,2016
Mark Gottfried,history.php?c=Mark+Gottfried,Mark+Gottfried,N.C. State,2016
Ed DeChellis,history.php?c=Ed+DeChellis,Ed+DeChellis,Navy,2016
Tim Miles,history.php?c=Tim+Miles,Tim+Miles,Nebraska,2016
Derrin Hansen,history.php?c=Derrin+Hansen,Derrin+Hansen,Nebraska Omaha,2016
Eric Musselman,history.php?c=Eric+Musselman,Eric+Musselman,Nevada,2016
Bill Herrion,history.php?c=Bill+Herrion,Bill+Herrion,New Hampshire,2016
Craig Neal,history.php?c=Craig+Neal,Craig+Neal,New Mexico,2016
Marvin Menzies,history.php?c=Marvin+Menzies,Marvin+Menzies,New Mexico St.,2016
Mark Slessinger,history.php?c=Mark+Slessinger,Mark+Slessinger,New Orleans,2016
Chris Casey,history.php?c=Chris+Casey,Chris+Casey,Niagara,2016
JP Piper,history.php?c=JP+Piper,JP+Piper,Nicholls St.,2016
Jim Engles,history.php?c=Jim+Engles,Jim+Engles,NJIT,2016
Robert Jones,history.php?c=Robert+Jones,Robert+Jones,Norfolk St.,2016
Roy Williams,history.php?c=Roy+Williams,Roy+Williams,North Carolina,2016
Cy Alexander,history.php?c=Cy+Alexander,Cy+Alexander,North Carolina A&T,2016
LeVelle Moton,history.php?c=LeVelle+Moton,LeVelle+Moton,North Carolina Central,2016
Brian Jones,history.php?c=Brian+Jones,Brian+Jones,North Dakota,2016
Dave Richman,history.php?c=Dave+Richman,Dave+Richman,North Dakota St.,2016
Matthew Driscoll,history.php?c=Matthew+Driscoll,Matthew+Driscoll,North Florida,2016
Tony Benford,history.php?c=Tony+Benford,Tony+Benford,North Texas,2016
Bill Coen,history.php?c=Bill+Coen,Bill+Coen,Northeastern,2016
Jack Murphy,history.php?c=Jack+Murphy,Jack+Murphy,Northern Arizona,2016
BJ Hill,history.php?c=BJ+Hill,BJ+Hill,Northern Colorado,2016
Mark Montgomery,history.php?c=Mark+Montgomery,Mark+Montgomery,Northern Illinois,2016
Ben Jacobson,history.php?c=Ben+Jacobson,Ben+Jacobson,Northern Iowa,2016
John Brannen,history.php?c=John+Brannen,John+Brannen,Northern Kentucky,2016
Chris Collins,history.php?c=Chris+Collins,Chris+Collins,Northwestern,2016
Mike McConathy,history.php?c=Mike+McConathy,Mike+McConathy,Northwestern St.,2016
Mike Brey,history.php?c=Mike+Brey,Mike+Brey,Notre Dame,2016
Greg Kampe,history.php?c=Greg+Kampe,Greg+Kampe,Oakland,2016
Saul Phillips,history.php?c=Saul+Phillips,Saul+Phillips,Ohio,2016
Thad Matta,history.php?c=Thad+Matta,Thad+Matta,Ohio St.,2016
Lon Kruger,history.php?c=Lon+Kruger,Lon+Kruger,Oklahoma,2016
Travis Ford,history.php?c=Travis+Ford,Travis+Ford,Oklahoma St.,2016
Jeff Jones,history.php?c=Jeff+Jones,Jeff+Jones,Old Dominion,2016
Scott Sutton,history.php?c=Scott+Sutton,Scott+Sutton,Oral Roberts,2016
Dana Altman,history.php?c=Dana+Altman,Dana+Altman,Oregon,2016
Wayne Tinkle,history.php?c=Wayne+Tinkle,Wayne+Tinkle,Oregon St.,2016
Ron Verlin,history.php?c=Ron+Verlin,Ron+Verlin,Pacific,2016
Steve Donahue,history.php?c=Steve+Donahue,Steve+Donahue,Penn,2016
Pat Chambers,history.php?c=Pat+Chambers,Pat+Chambers,Penn St.,2016
Marty Wilson,history.php?c=Marty+Wilson,Marty+Wilson,Pepperdine,2016
Jamie Dixon,history.php?c=Jamie+Dixon,Jamie+Dixon,Pittsburgh,2016
Eric Reveno,history.php?c=Eric+Reveno,Eric+Reveno,Portland,2016
Tyler Geving,history.php?c=Tyler+Geving,Tyler+Geving,Portland St.,2016
Byron Rimm II,history.php?c=Byron+Rimm+II,Byron+Rimm+II,Prairie View A&M,2016
Gregg Nibert,history.php?c=Gregg+Nibert,Gregg+Nibert,Presbyterian,2016
Mitch Henderson,history.php?c=Mitch+Henderson,Mitch+Henderson,Princeton,2016
Ed Cooley,history.php?c=Ed+Cooley,Ed+Cooley,Providence,2016
Matt Painter,history.php?c=Matt+Painter,Matt+Painter,Purdue,2016
Tom Moore,history.php?c=Tom+Moore,Tom+Moore,Quinnipiac,2016
Mike Jones,history.php?c=Mike+Jones,Mike+Jones,Radford,2016
Dan Hurley,history.php?c=Dan+Hurley,Dan+Hurley,Rhode Island,2016
Mike Rhoades,history.php?c=Mike+Rhoades,Mike+Rhoades,Rice,2016
Chris Mooney,history.php?c=Chris+Mooney,Chris+Mooney,Richmond,2016
Kevin Baggett,history.php?c=Kevin+Baggett,Kevin+Baggett,Rider,2016
Andrew Toole,history.php?c=Andrew+Toole,Andrew+Toole,Robert Morris,2016
Eddie Jordan,history.php?c=Eddie+Jordan,Eddie+Jordan,Rutgers,2016
Brian Katz,history.php?c=Brian+Katz,Brian+Katz,Sacramento St.,2016
Anthony Latina,history.php?c=Anthony+Latina,Anthony+Latina,Sacred Heart,2016
Phil Martelli,history.php?c=Phil+Martelli,Phil+Martelli,Saint Joseph's,2016
Jim Crews,history.php?c=Jim+Crews,Jim+Crews,Saint Louis,2016
Randy Bennett,history.php?c=Randy+Bennett,Randy+Bennett,Saint Mary's,2016
John Dunne,history.php?c=John+Dunne,John+Dunne,Saint Peter's,2016
Jason Hooten,history.php?c=Jason+Hooten,Jason+Hooten,Sam Houston St.,2016
Scott Padgett,history.php?c=Scott+Padgett,Scott+Padgett,Samford,2016
Lamont Smith,history.php?c=Lamont+Smith,Lamont+Smith,San Diego,2016
Steve Fisher,history.php?c=Steve+Fisher,Steve+Fisher,San Diego St.,2016
Rex Walters,history.php?c=Rex+Walters,Rex+Walters,San Francisco,2016
Dave Wojcik,history.php?c=Dave+Wojcik,Dave+Wojcik,San Jose St.,2016
Kerry Keating,history.php?c=Kerry+Keating,Kerry+Keating,Santa Clara,2016
Horace Broadnax,history.php?c=Horace+Broadnax,Horace+Broadnax,Savannah St.,2016
Cameron Dollar,history.php?c=Cameron+Dollar,Cameron+Dollar,Seattle,2016
Kevin Willard,history.php?c=Kevin+Willard,Kevin+Willard,Seton Hall,2016
Jimmy Patsos,history.php?c=Jimmy+Patsos,Jimmy+Patsos,Siena,2016
Jon Harris,history.php?c=Jon+Harris,Jon+Harris,SIU Edwardsville,2016
Larry Brown,history.php?c=Larry+Brown,Larry+Brown,SMU,2016
Matthew Graves,history.php?c=Matthew+Graves,Matthew+Graves,South Alabama,2016
Frank Martin,history.php?c=Frank+Martin,Frank+Martin,South Carolina,2016
Murray Garvin,history.php?c=Murray+Garvin,Murray+Garvin,South Carolina St.,2016
Craig Smith,history.php?c=Craig+Smith,Craig+Smith,South Dakota,2016
Scott Nagy,history.php?c=Scott+Nagy,Scott+Nagy,South Dakota St.,2016
Orlando Antigua,history.php?c=Orlando+Antigua,Orlando+Antigua,South Florida,2016
Rick Ray,history.php?c=Rick+Ray,Rick+Ray,Southeast Missouri St.,2016
Jay Ladner,history.php?c=Jay+Ladner,Jay+Ladner,Southeastern Louisiana,2016
Roman Banks,history.php?c=Roman+Banks,Roman+Banks,Southern,2016
Barry Hinson,history.php?c=Barry+Hinson,Barry+Hinson,Southern Illinois,2016
Doc Sadler,history.php?c=Doc+Sadler,Doc+Sadler,Southern Miss,2016
Nick Robinson,history.php?c=Nick+Robinson,Nick+Robinson,Southern Utah,2016
Mark Schmidt,history.php?c=Mark+Schmidt,Mark+Schmidt,St. Bonaventure,2016
Glenn Braica,history.php?c=Glenn+Braica,Glenn+Braica,St. Francis NY,2016
Rob Krimmel,history.php?c=Rob+Krimmel,Rob+Krimmel,St. Francis PA,2016
Chris Mullin,history.php?c=Chris+Mullin,Chris+Mullin,St. John's,2016
Johnny Dawkins,history.php?c=Johnny+Dawkins,Johnny+Dawkins,Stanford,2016
Brad Underwood,history.php?c=Brad+Underwood,Brad+Underwood,Stephen F. Austin,2016
Corey Williams,history.php?c=Corey+Williams,Corey+Williams,Stetson,2016
Steve Pikiell,history.php?c=Steve+Pikiell,Steve+Pikiell,Stony Brook,2016
Jim Boeheim,history.php?c=Jim+Boeheim,Jim+Boeheim,Syracuse,2016
Trent Johnson,history.php?c=Trent+Johnson,Trent+Johnson,TCU,2016
Fran Dunphy,history.php?c=Fran+Dunphy,Fran+Dunphy,Temple,2016
Rick Barnes,history.php?c=Rick+Barnes,Rick+Barnes,Tennessee,2016
Heath Schroyer,history.php?c=Heath+Schroyer,Heath+Schroyer,Tennessee Martin,2016
Dana Ford,history.php?c=Dana+Ford,Dana+Ford,Tennessee St.,2016
Steve Payne,history.php?c=Steve+Payne,Steve+Payne,Tennessee Tech,2016
Shaka Smart,history.php?c=Shaka+Smart,Shaka+Smart,Texas,2016
Billy Kennedy,history.php?c=Billy+Kennedy,Billy+Kennedy,Texas A&M,2016
Willis Wilson,history.php?c=Willis+Wilson,Willis+Wilson,Texas A&M Corpus Chris,2016
Mike Davis,history.php?c=Mike+Davis,Mike+Davis,Texas Southern,2016
Danny Kaspar,history.php?c=Danny+Kaspar,Danny+Kaspar,Texas St.,2016
Tubby Smith,history.php?c=Tubby+Smith,Tubby+Smith,Texas Tech,2016
Duggar Baucom,history.php?c=Duggar+Baucom,Duggar+Baucom,The Citadel,2016
Tod Kowalczyk,history.php?c=Tod+Kowalczyk,Tod+Kowalczyk,Toledo,2016
Pat Skerry,history.php?c=Pat+Skerry,Pat+Skerry,Towson,2016
Phil Cunningham,history.php?c=Phil+Cunningham,Phil+Cunningham,Troy,2016
Ed Conroy,history.php?c=Ed+Conroy,Ed+Conroy,Tulane,2016
Frank Haith,history.php?c=Frank+Haith,Frank+Haith,Tulsa,2016
Jerod Haase,history.php?c=Jerod+Haase,Jerod+Haase,UAB,2016
Jim Les,history.php?c=Jim+Les,Jim+Les,UC Davis,2016
Russell Turner,history.php?c=Russell+Turner,Russell+Turner,UC Irvine,2016
Dennis Cutts,history.php?c=Dennis+Cutts,Dennis+Cutts,UC Riverside,2016
Bob Williams,history.php?c=Bob+Williams,Bob+Williams,UC Santa Barbara,2016
Donnie Jones,history.php?c=Donnie+Jones,Donnie+Jones,UCF,2016
Steve Alford,history.php?c=Steve+Alford,Steve+Alford,UCLA,2016
Pat Duquette,history.php?c=Pat+Duquette,Pat+Duquette,UMass Lowell,2016
Aki Thomas,history.php?c=Aki+Thomas,Aki+Thomas,UMBC,2016
Kareem Richardson,history.php?c=Kareem+Richardson,Kareem+Richardson,UMKC,2016
Nicholas McDevitt,history.php?c=Nicholas+McDevitt,Nicholas+McDevitt,UNC Asheville,2016
Wes Miller,history.php?c=Wes+Miller,Wes+Miller,UNC Greensboro,2016
Kevin Keatts,history.php?c=Kevin+Keatts,Kevin+Keatts,UNC Wilmington,2016
Todd Simon,history.php?c=Todd+Simon,Todd+Simon,UNLV,2016
Andy Enfield,history.php?c=Andy+Enfield,Andy+Enfield,USC,2016
Eddie Payne,history.php?c=Eddie+Payne,Eddie+Payne,USC Upstate,2016
Scott Cross,history.php?c=Scott+Cross,Scott+Cross,UT Arlington,2016
Dan Hipsher,history.php?c=Dan+Hipsher,Dan+Hipsher,UT Rio Grande Valley,2016
Larry Krystkowiak,history.php?c=Larry+Krystkowiak,Larry+Krystkowiak,Utah,2016
Tim Duryea,history.php?c=Tim+Duryea,Tim+Duryea,Utah St.,2016
Mark Pope,history.php?c=Mark+Pope,Mark+Pope,Utah Valley,2016
Tim Floyd,history.php?c=Tim+Floyd,Tim+Floyd,UTEP,2016
Brooks Thompson,history.php?c=Brooks+Thompson,Brooks+Thompson,UTSA,2016
Bryce Drew,history.php?c=Bryce+Drew,Bryce+Drew,Valparaiso,2016
Kevin Stallings,history.php?c=Kevin+Stallings,Kevin+Stallings,Vanderbilt,2016
Will Wade,history.php?c=Will+Wade,Will+Wade,VCU,2016
John Becker,history.php?c=John+Becker,John+Becker,Vermont,2016
Jay Wright,history.php?c=Jay+Wright,Jay+Wright,Villanova,2016
Tony Bennett,history.php?c=Tony+Bennett,Tony+Bennett,Virginia,2016
Buzz Williams,history.php?c=Buzz+Williams,Buzz+Williams,Virginia Tech,2016
Dan Earl,history.php?c=Dan+Earl,Dan+Earl,VMI,2016
Bashir Mason,history.php?c=Bashir+Mason,Bashir+Mason,Wagner,2016
Danny Manning,history.php?c=Danny+Manning,Danny+Manning,Wake Forest,2016
Lorenzo Romar,history.php?c=Lorenzo+Romar,Lorenzo+Romar,Washington,2016
Ernie Kent,history.php?c=Ernie+Kent,Ernie+Kent,Washington St.,2016
Randy Rahe,history.php?c=Randy+Rahe,Randy+Rahe,Weber St.,2016
Bob Huggins,history.php?c=Bob+Huggins,Bob+Huggins,West Virginia,2016
Larry Hunter,history.php?c=Larry+Hunter,Larry+Hunter,Western Carolina,2016
Billy Wright,history.php?c=Billy+Wright,Billy+Wright,Western Illinois,2016
Ray Harper,history.php?c=Ray+Harper,Ray+Harper,Western Kentucky,2016
Steve Hawkins,history.php?c=Steve+Hawkins,Steve+Hawkins,Western Michigan,2016
Gregg Marshall,history.php?c=Gregg+Marshall,Gregg+Marshall,Wichita St.,2016
Tony Shaver,history.php?c=Tony+Shaver,Tony+Shaver,William & Mary,2016
Pat Kelsey,history.php?c=Pat+Kelsey,Pat+Kelsey,Winthrop,2016
Greg Gard,history.php?c=Greg+Gard,Greg+Gard,Wisconsin,2016
Mike Young,history.php?c=Mike+Young,Mike+Young,Wofford,2016
Billy Donlon,history.php?c=Billy+Donlon,Billy+Donlon,Wright St.,2016
Larry Shyatt,history.php?c=Larry+Shyatt,Larry+Shyatt,Wyoming,2016
Chris Mack,history.php?c=Chris+Mack,Chris+Mack,Xavier,2016
James Jones,history.php?c=James+Jones,James+Jones,Yale,2016
Jerry Slocum,history.php?c=Jerry+Slocum,Jerry+Slocum,Youngstown St.,2016
