coach,coach.link,coach.link.ref,team,year
Jeff Reynolds,history.php?c=Jeff+Reynolds,Jeff+Reynolds,Air Force,2010
Keith Dambrot,history.php?c=Keith+Dambrot,Keith+Dambrot,Akron,2010
Anthony Grant,history.php?c=Anthony+Grant,Anthony+Grant,Alabama,2010
Vann Pettaway,history.php?c=Vann+Pettaway,Vann+Pettaway,Alabama A&M,2010
Lewis Jackson,history.php?c=Lewis+Jackson,Lewis+Jackson,Alabama St.,2010
Will Brown,history.php?c=Will+Brown,Will+Brown,Albany,2010
Larry Smith,history.php?c=Larry+Smith,Larry+Smith,Alcorn St.,2010
Jeff Jones,history.php?c=Jeff+Jones,Jeff+Jones,American,2010
Buzz Peterson,history.php?c=Buzz+Peterson,Buzz+Peterson,Appalachian St.,2010
Sean Miller,history.php?c=Sean+Miller,Sean+Miller,Arizona,2010
Herb Sendek,history.php?c=Herb+Sendek,Herb+Sendek,Arizona St.,2010
John Pelphrey,history.php?c=John+Pelphrey,John+Pelphrey,Arkansas,2010
Steve Shields,history.php?c=Steve+Shields,Steve+Shields,Arkansas Little Rock,2010
George Ivory,history.php?c=George+Ivory,George+Ivory,Arkansas Pine Bluff,2010
John Brady,history.php?c=John+Brady,John+Brady,Arkansas St.,2010
Zach Spiker,history.php?c=Zach+Spiker,Zach+Spiker,Army,2010
Jeff Lebo,history.php?c=Jeff+Lebo,Jeff+Lebo,Auburn,2010
Dave Loos,history.php?c=Dave+Loos,Dave+Loos,Austin Peay,2010
Billy Taylor,history.php?c=Billy+Taylor,Billy+Taylor,Ball St.,2010
Scott Drew,history.php?c=Scott+Drew,Scott+Drew,Baylor,2010
Rick Byrd,history.php?c=Rick+Byrd,Rick+Byrd,Belmont,2010
Clifford Reed Jr,history.php?c=Clifford+Reed+Jr,Clifford+Reed+Jr,Bethune Cookman,2010
Mark Macon,history.php?c=Mark+Macon,Mark+Macon,Binghamton,2010
Greg Graham,history.php?c=Greg+Graham,Greg+Graham,Boise St.,2010
Al Skinner,history.php?c=Al+Skinner,Al+Skinner,Boston College,2010
Pat Chambers,history.php?c=Pat+Chambers,Pat+Chambers,Boston University,2010
Louis Orr,history.php?c=Louis+Orr,Louis+Orr,Bowling Green,2010
Jim Les,history.php?c=Jim+Les,Jim+Les,Bradley,2010
Jesse Agel,history.php?c=Jesse+Agel,Jesse+Agel,Brown,2010
Tim O'Shea,history.php?c=Tim+O%27Shea,Tim+O%27Shea,Bryant,2010
Dave Paulsen,history.php?c=Dave+Paulsen,Dave+Paulsen,Bucknell,2010
Reggie Witherspoon,history.php?c=Reggie+Witherspoon,Reggie+Witherspoon,Buffalo,2010
Brad Stevens,history.php?c=Brad+Stevens,Brad+Stevens,Butler,2010
Dave Rose,history.php?c=Dave+Rose,Dave+Rose,BYU,2010
Joe Callero,history.php?c=Joe+Callero,Joe+Callero,Cal Poly,2010
Keith Brown,history.php?c=Keith+Brown,Keith+Brown,Cal St. Bakersfield,2010
Bob Burton,history.php?c=Bob+Burton,Bob+Burton,Cal St. Fullerton,2010
Bobby Braswell,history.php?c=Bobby+Braswell,Bobby+Braswell,Cal St. Northridge,2010
Mike Montgomery,history.php?c=Mike+Montgomery,Mike+Montgomery,California,2010
Robbie Laing,history.php?c=Robbie+Laing,Robbie+Laing,Campbell,2010
Tom Parrotta,history.php?c=Tom+Parrotta,Tom+Parrotta,Canisius,2010
Greg Gary,history.php?c=Greg+Gary,Greg+Gary,Centenary,2010
Rand Chappell,history.php?c=Rand+Chappell,Rand+Chappell,Central Arkansas,2010
Howie Dickenman,history.php?c=Howie+Dickenman,Howie+Dickenman,Central Connecticut,2010
Ernie Zeigler,history.php?c=Ernie+Zeigler,Ernie+Zeigler,Central Michigan,2010
Barclay Radebaugh,history.php?c=Barclay+Radebaugh,Barclay+Radebaugh,Charleston Southern,2010
Bobby Lutz,history.php?c=Bobby+Lutz,Bobby+Lutz,Charlotte,2010
John Shulman,history.php?c=John+Shulman,John+Shulman,Chattanooga,2010
Benjy Taylor,history.php?c=Benjy+Taylor,Benjy+Taylor,Chicago St.,2010
Mick Cronin,history.php?c=Mick+Cronin,Mick+Cronin,Cincinnati,2010
Oliver Purnell,history.php?c=Oliver+Purnell,Oliver+Purnell,Clemson,2010
Gary Waters,history.php?c=Gary+Waters,Gary+Waters,Cleveland St.,2010
Cliff Ellis,history.php?c=Cliff+Ellis,Cliff+Ellis,Coastal Carolina,2010
Emmett Davis,history.php?c=Emmett+Davis,Emmett+Davis,Colgate,2010
Bobby Cremins,history.php?c=Bobby+Cremins,Bobby+Cremins,College of Charleston,2010
Jeff Bzdelik,history.php?c=Jeff+Bzdelik,Jeff+Bzdelik,Colorado,2010
Tim Miles,history.php?c=Tim+Miles,Tim+Miles,Colorado St.,2010
Joe Jones,history.php?c=Joe+Jones,Joe+Jones,Columbia,2010
Jim Calhoun,history.php?c=Jim+Calhoun,Jim+Calhoun,Connecticut,2010
Ron Mitchell,history.php?c=Ron+Mitchell,Ron+Mitchell,Coppin St.,2010
Steve Donahue,history.php?c=Steve+Donahue,Steve+Donahue,Cornell,2010
Dana Altman,history.php?c=Dana+Altman,Dana+Altman,Creighton,2010
Terry Dunn,history.php?c=Terry+Dunn,Terry+Dunn,Dartmouth,2010
Bob McKillop,history.php?c=Bob+McKillop,Bob+McKillop,Davidson,2010
Brian Gregory,history.php?c=Brian+Gregory,Brian+Gregory,Dayton,2010
Monte Ross,history.php?c=Monte+Ross,Monte+Ross,Delaware,2010
Greg Jackson,history.php?c=Greg+Jackson,Greg+Jackson,Delaware St.,2010
Joe Scott,history.php?c=Joe+Scott,Joe+Scott,Denver,2010
Jerry Wainwright,history.php?c=Jerry+Wainwright,Jerry+Wainwright,DePaul,2010
Ray McCallum,history.php?c=Ray+McCallum,Ray+McCallum,Detroit,2010
Mark Phelps,history.php?c=Mark+Phelps,Mark+Phelps,Drake,2010
Bruiser Flint,history.php?c=Bruiser+Flint,Bruiser+Flint,Drexel,2010
Mike Krzyzewski,history.php?c=Mike+Krzyzewski,Mike+Krzyzewski,Duke,2010
Ron Everhart,history.php?c=Ron+Everhart,Ron+Everhart,Duquesne,2010
Mack McCarthy,history.php?c=Mack+McCarthy,Mack+McCarthy,East Carolina,2010
Murry Bartow,history.php?c=Murry+Bartow,Murry+Bartow,East Tennessee St.,2010
Mike Miller,history.php?c=Mike+Miller,Mike+Miller,Eastern Illinois,2010
Jeff Neubauer,history.php?c=Jeff+Neubauer,Jeff+Neubauer,Eastern Kentucky,2010
Charles Ramsey,history.php?c=Charles+Ramsey,Charles+Ramsey,Eastern Michigan,2010
Kirk Earlywine,history.php?c=Kirk+Earlywine,Kirk+Earlywine,Eastern Washington,2010
Matt Matheny,history.php?c=Matt+Matheny,Matt+Matheny,Elon,2010
Marty Simmons,history.php?c=Marty+Simmons,Marty+Simmons,Evansville,2010
Ed Cooley,history.php?c=Ed+Cooley,Ed+Cooley,Fairfield,2010
Greg Vetrone,history.php?c=Greg+Vetrone,Greg+Vetrone,Fairleigh Dickinson,2010
Isiah Thomas,history.php?c=Isiah+Thomas,Isiah+Thomas,FIU,2010
Billy Donovan,history.php?c=Billy+Donovan,Billy+Donovan,Florida,2010
Eugene Harris,history.php?c=Eugene+Harris,Eugene+Harris,Florida A&M,2010
Mike Jarvis,history.php?c=Mike+Jarvis,Mike+Jarvis,Florida Atlantic,2010
Dave Balza,history.php?c=Dave+Balza,Dave+Balza,Florida Gulf Coast,2010
Leonard Hamilton,history.php?c=Leonard+Hamilton,Leonard+Hamilton,Florida St.,2010
Dereck Whittenburg,history.php?c=Dereck+Whittenburg,Dereck+Whittenburg,Fordham,2010
Steve Cleveland,history.php?c=Steve+Cleveland,Steve+Cleveland,Fresno St.,2010
Jeff Jackson,history.php?c=Jeff+Jackson,Jeff+Jackson,Furman,2010
Rick Scruggs,history.php?c=Rick+Scruggs,Rick+Scruggs,Gardner Webb,2010
Jim Larranaga,history.php?c=Jim+Larranaga,Jim+Larranaga,George Mason,2010
Karl Hobbs,history.php?c=Karl+Hobbs,Karl+Hobbs,George Washington,2010
John Thompson III,history.php?c=John+Thompson+III,John+Thompson+III,Georgetown,2010
Mark Fox,history.php?c=Mark+Fox,Mark+Fox,Georgia,2010
Charlton Young,history.php?c=Charlton+Young,Charlton+Young,Georgia Southern,2010
Rod Barnes,history.php?c=Rod+Barnes,Rod+Barnes,Georgia St.,2010
Paul Hewitt,history.php?c=Paul+Hewitt,Paul+Hewitt,Georgia Tech,2010
Mark Few,history.php?c=Mark+Few,Mark+Few,Gonzaga,2010
Bobby Washington,history.php?c=Bobby+Washington,Bobby+Washington,Grambling St.,2010
Tod Kowalczyk,history.php?c=Tod+Kowalczyk,Tod+Kowalczyk,Green Bay,2010
Edward Joyner Jr,history.php?c=Edward+Joyner+Jr,Edward+Joyner+Jr,Hampton,2010
Dan Leibovitz,history.php?c=Dan+Leibovitz,Dan+Leibovitz,Hartford,2010
Tommy Amaker,history.php?c=Tommy+Amaker,Tommy+Amaker,Harvard,2010
Bob Nash,history.php?c=Bob+Nash,Bob+Nash,Hawaii,2010
Scott Cherry,history.php?c=Scott+Cherry,Scott+Cherry,High Point,2010
Tom Pecora,history.php?c=Tom+Pecora,Tom+Pecora,Hofstra,2010
Sean Kearney,history.php?c=Sean+Kearney,Sean+Kearney,Holy Cross,2010
Tom Penders,history.php?c=Tom+Penders,Tom+Penders,Houston,2010
Ron Cottrell,history.php?c=Ron+Cottrell,Ron+Cottrell,Houston Baptist,2010
Gil Jackson,history.php?c=Gil+Jackson,Gil+Jackson,Howard,2010
Don Verlin,history.php?c=Don+Verlin,Don+Verlin,Idaho,2010
Joe O'Brien,history.php?c=Joe+O%27Brien,Joe+O%27Brien,Idaho St.,2010
Bruce Weber,history.php?c=Bruce+Weber,Bruce+Weber,Illinois,2010
Jimmy Collins,history.php?c=Jimmy+Collins,Jimmy+Collins,Illinois Chicago,2010
Tim Jankovich,history.php?c=Tim+Jankovich,Tim+Jankovich,Illinois St.,2010
Tom Crean,history.php?c=Tom+Crean,Tom+Crean,Indiana,2010
Kevin McKenna,history.php?c=Kevin+McKenna,Kevin+McKenna,Indiana St.,2010
Kevin Willard,history.php?c=Kevin+Willard,Kevin+Willard,Iona,2010
Todd Lickliter,history.php?c=Todd+Lickliter,Todd+Lickliter,Iowa,2010
Greg McDermott,history.php?c=Greg+McDermott,Greg+McDermott,Iowa St.,2010
Dane Fife,history.php?c=Dane+Fife,Dane+Fife,IPFW,2010
Ron Hunter,history.php?c=Ron+Hunter,Ron+Hunter,IUPUI,2010
Tevester Anderson,history.php?c=Tevester+Anderson,Tevester+Anderson,Jackson St.,2010
Cliff Warren,history.php?c=Cliff+Warren,Cliff+Warren,Jacksonville,2010
James Green,history.php?c=James+Green,James+Green,Jacksonville St.,2010
Matt Brady,history.php?c=Matt+Brady,Matt+Brady,James Madison,2010
Bill Self,history.php?c=Bill+Self,Bill+Self,Kansas,2010
Frank Martin,history.php?c=Frank+Martin,Frank+Martin,Kansas St.,2010
Tony Ingle,history.php?c=Tony+Ingle,Tony+Ingle,Kennesaw St.,2010
Geno Ford,history.php?c=Geno+Ford,Geno+Ford,Kent St.,2010
John Calipari,history.php?c=John+Calipari,John+Calipari,Kentucky,2010
John Giannini,history.php?c=John+Giannini,John+Giannini,La Salle,2010
Fran O'Hanlon,history.php?c=Fran+O%27Hanlon,Fran+O%27Hanlon,Lafayette,2010
Steve Roccaforte,history.php?c=Steve+Roccaforte,Steve+Roccaforte,Lamar,2010
Brett Reed,history.php?c=Brett+Reed,Brett+Reed,Lehigh,2010
Dale Layer,history.php?c=Dale+Layer,Dale+Layer,Liberty,2010
Scott Sanderson,history.php?c=Scott+Sanderson,Scott+Sanderson,Lipscomb,2010
Jim Ferry,history.php?c=Jim+Ferry,Jim+Ferry,LIU Brooklyn,2010
Dan Monson,history.php?c=Dan+Monson,Dan+Monson,Long Beach St.,2010
Mike Gillian,history.php?c=Mike+Gillian,Mike+Gillian,Longwood,2010
Robert Lee,history.php?c=Robert+Lee,Robert+Lee,Louisiana Lafayette,2010
Orlando Early,history.php?c=Orlando+Early,Orlando+Early,Louisiana Monroe,2010
Kerry Rupp,history.php?c=Kerry+Rupp,Kerry+Rupp,Louisiana Tech,2010
Rick Pitino,history.php?c=Rick+Pitino,Rick+Pitino,Louisville,2010
Jim Whitesell,history.php?c=Jim+Whitesell,Jim+Whitesell,Loyola Chicago,2010
Max Good,history.php?c=Max+Good,Max+Good,Loyola Marymount,2010
Jimmy Patsos,history.php?c=Jimmy+Patsos,Jimmy+Patsos,Loyola MD,2010
Trent Johnson,history.php?c=Trent+Johnson,Trent+Johnson,LSU,2010
Ted Woodward,history.php?c=Ted+Woodward,Ted+Woodward,Maine,2010
Barry Rohrssen,history.php?c=Barry+Rohrssen,Barry+Rohrssen,Manhattan,2010
Chuck Martin,history.php?c=Chuck+Martin,Chuck+Martin,Marist,2010
Buzz Williams,history.php?c=Buzz+Williams,Buzz+Williams,Marquette,2010
Donnie Jones,history.php?c=Donnie+Jones,Donnie+Jones,Marshall,2010
Gary Williams,history.php?c=Gary+Williams,Gary+Williams,Maryland,2010
Frankie Allen,history.php?c=Frankie+Allen,Frankie+Allen,Maryland Eastern Shore,2010
Derek Kellogg,history.php?c=Derek+Kellogg,Derek+Kellogg,Massachusetts,2010
Dave Simmons,history.php?c=Dave+Simmons,Dave+Simmons,McNeese St.,2010
Josh Pastner,history.php?c=Josh+Pastner,Josh+Pastner,Memphis,2010
Bob Hoffman,history.php?c=Bob+Hoffman,Bob+Hoffman,Mercer,2010
Frank Haith,history.php?c=Frank+Haith,Frank+Haith,Miami FL,2010
Charlie Coles,history.php?c=Charlie+Coles,Charlie+Coles,Miami OH,2010
John Beilein,history.php?c=John+Beilein,John+Beilein,Michigan,2010
Tom Izzo,history.php?c=Tom+Izzo,Tom+Izzo,Michigan St.,2010
Kermit Davis Jr,history.php?c=Kermit+Davis+Jr,Kermit+Davis+Jr,Middle Tennessee,2010
Rob Jeter,history.php?c=Rob+Jeter,Rob+Jeter,Milwaukee,2010
Tubby Smith,history.php?c=Tubby+Smith,Tubby+Smith,Minnesota,2010
Andy Kennedy,history.php?c=Andy+Kennedy,Andy+Kennedy,Mississippi,2010
Rick Stansbury,history.php?c=Rick+Stansbury,Rick+Stansbury,Mississippi St.,2010
Sean Woods,history.php?c=Sean+Woods,Sean+Woods,Mississippi Valley St.,2010
Mike Anderson,history.php?c=Mike+Anderson,Mike+Anderson,Missouri,2010
Cuonzo Martin,history.php?c=Cuonzo+Martin,Cuonzo+Martin,Missouri St.,2010
Dave Calloway,history.php?c=Dave+Calloway,Dave+Calloway,Monmouth,2010
Wayne Tinkle,history.php?c=Wayne+Tinkle,Wayne+Tinkle,Montana,2010
Brad Huse,history.php?c=Brad+Huse,Brad+Huse,Montana St.,2010
Donnie Tyndall,history.php?c=Donnie+Tyndall,Donnie+Tyndall,Morehead St.,2010
Todd Bozeman,history.php?c=Todd+Bozeman,Todd+Bozeman,Morgan St.,2010
Milan Brown,history.php?c=Milan+Brown,Milan+Brown,Mount St. Mary's,2010
Billy Kennedy,history.php?c=Billy+Kennedy,Billy+Kennedy,Murray St.,2010
Sidney Lowe,history.php?c=Sidney+Lowe,Sidney+Lowe,N.C. State,2010
Billy Lange,history.php?c=Billy+Lange,Billy+Lange,Navy,2010
Doc Sadler,history.php?c=Doc+Sadler,Doc+Sadler,Nebraska,2010
David Carter,history.php?c=David+Carter,David+Carter,Nevada,2010
Bill Herrion,history.php?c=Bill+Herrion,Bill+Herrion,New Hampshire,2010
Steve Alford,history.php?c=Steve+Alford,Steve+Alford,New Mexico,2010
Marvin Menzies,history.php?c=Marvin+Menzies,Marvin+Menzies,New Mexico St.,2010
Joe Pasternack,history.php?c=Joe+Pasternack,Joe+Pasternack,New Orleans,2010
Joe Mihalich,history.php?c=Joe+Mihalich,Joe+Mihalich,Niagara,2010
JP Piper,history.php?c=JP+Piper,JP+Piper,Nicholls St.,2010
Jim Engles,history.php?c=Jim+Engles,Jim+Engles,NJIT,2010
Anthony Evans,history.php?c=Anthony+Evans,Anthony+Evans,Norfolk St.,2010
Roy Williams,history.php?c=Roy+Williams,Roy+Williams,North Carolina,2010
Jerry Eaves,history.php?c=Jerry+Eaves,Jerry+Eaves,North Carolina A&T,2010
LeVelle Moton,history.php?c=LeVelle+Moton,LeVelle+Moton,North Carolina Central,2010
Brian Jones,history.php?c=Brian+Jones,Brian+Jones,North Dakota,2010
Saul Phillips,history.php?c=Saul+Phillips,Saul+Phillips,North Dakota St.,2010
Matthew Driscoll,history.php?c=Matthew+Driscoll,Matthew+Driscoll,North Florida,2010
Johnny Jones,history.php?c=Johnny+Jones,Johnny+Jones,North Texas,2010
Bill Coen,history.php?c=Bill+Coen,Bill+Coen,Northeastern,2010
Mike Adras,history.php?c=Mike+Adras,Mike+Adras,Northern Arizona,2010
Tad Boyle,history.php?c=Tad+Boyle,Tad+Boyle,Northern Colorado,2010
Ricardo Patton,history.php?c=Ricardo+Patton,Ricardo+Patton,Northern Illinois,2010
Ben Jacobson,history.php?c=Ben+Jacobson,Ben+Jacobson,Northern Iowa,2010
Bill Carmody,history.php?c=Bill+Carmody,Bill+Carmody,Northwestern,2010
Mike McConathy,history.php?c=Mike+McConathy,Mike+McConathy,Northwestern St.,2010
Mike Brey,history.php?c=Mike+Brey,Mike+Brey,Notre Dame,2010
Greg Kampe,history.php?c=Greg+Kampe,Greg+Kampe,Oakland,2010
John Groce,history.php?c=John+Groce,John+Groce,Ohio,2010
Thad Matta,history.php?c=Thad+Matta,Thad+Matta,Ohio St.,2010
Jeff Capel III,history.php?c=Jeff+Capel+III,Jeff+Capel+III,Oklahoma,2010
Travis Ford,history.php?c=Travis+Ford,Travis+Ford,Oklahoma St.,2010
Blaine Taylor,history.php?c=Blaine+Taylor,Blaine+Taylor,Old Dominion,2010
Scott Sutton,history.php?c=Scott+Sutton,Scott+Sutton,Oral Roberts,2010
Ernie Kent,history.php?c=Ernie+Kent,Ernie+Kent,Oregon,2010
Craig Robinson,history.php?c=Craig+Robinson,Craig+Robinson,Oregon St.,2010
Bob Thomason,history.php?c=Bob+Thomason,Bob+Thomason,Pacific,2010
Glen Miller,history.php?c=Glen+Miller,Glen+Miller,Penn,2010
Ed DeChellis,history.php?c=Ed+DeChellis,Ed+DeChellis,Penn St.,2010
Tom Asbury,history.php?c=Tom+Asbury,Tom+Asbury,Pepperdine,2010
Jamie Dixon,history.php?c=Jamie+Dixon,Jamie+Dixon,Pittsburgh,2010
Eric Reveno,history.php?c=Eric+Reveno,Eric+Reveno,Portland,2010
Tyler Geving,history.php?c=Tyler+Geving,Tyler+Geving,Portland St.,2010
Byron Rimm II,history.php?c=Byron+Rimm+II,Byron+Rimm+II,Prairie View A&M,2010
Gregg Nibert,history.php?c=Gregg+Nibert,Gregg+Nibert,Presbyterian,2010
Sydney Johnson,history.php?c=Sydney+Johnson,Sydney+Johnson,Princeton,2010
Keno Davis,history.php?c=Keno+Davis,Keno+Davis,Providence,2010
Matt Painter,history.php?c=Matt+Painter,Matt+Painter,Purdue,2010
Tom Moore,history.php?c=Tom+Moore,Tom+Moore,Quinnipiac,2010
Brad Greenberg,history.php?c=Brad+Greenberg,Brad+Greenberg,Radford,2010
Jim Baron,history.php?c=Jim+Baron,Jim+Baron,Rhode Island,2010
Ben Braun,history.php?c=Ben+Braun,Ben+Braun,Rice,2010
Chris Mooney,history.php?c=Chris+Mooney,Chris+Mooney,Richmond,2010
Tommy Dempsey,history.php?c=Tommy+Dempsey,Tommy+Dempsey,Rider,2010
Mike Rice,history.php?c=Mike+Rice,Mike+Rice,Robert Morris,2010
Fred Hill,history.php?c=Fred+Hill,Fred+Hill,Rutgers,2010
Brian Katz,history.php?c=Brian+Katz,Brian+Katz,Sacramento St.,2010
Dave Bike,history.php?c=Dave+Bike,Dave+Bike,Sacred Heart,2010
Phil Martelli,history.php?c=Phil+Martelli,Phil+Martelli,Saint Joseph's,2010
Rick Majerus,history.php?c=Rick+Majerus,Rick+Majerus,Saint Louis,2010
Randy Bennett,history.php?c=Randy+Bennett,Randy+Bennett,Saint Mary's,2010
John Dunne,history.php?c=John+Dunne,John+Dunne,Saint Peter's,2010
Bob Marlin,history.php?c=Bob+Marlin,Bob+Marlin,Sam Houston St.,2010
Jimmy Tillette,history.php?c=Jimmy+Tillette,Jimmy+Tillette,Samford,2010
Bill Grier,history.php?c=Bill+Grier,Bill+Grier,San Diego,2010
Steve Fisher,history.php?c=Steve+Fisher,Steve+Fisher,San Diego St.,2010
Rex Walters,history.php?c=Rex+Walters,Rex+Walters,San Francisco,2010
George Nessman,history.php?c=George+Nessman,George+Nessman,San Jose St.,2010
Kerry Keating,history.php?c=Kerry+Keating,Kerry+Keating,Santa Clara,2010
Horace Broadnax,history.php?c=Horace+Broadnax,Horace+Broadnax,Savannah St.,2010
Cameron Dollar,history.php?c=Cameron+Dollar,Cameron+Dollar,Seattle,2010
Bobby Gonzalez,history.php?c=Bobby+Gonzalez,Bobby+Gonzalez,Seton Hall,2010
Fran McCaffery,history.php?c=Fran+McCaffery,Fran+McCaffery,Siena,2010
Lennox Forrester,history.php?c=Lennox+Forrester,Lennox+Forrester,SIU Edwardsville,2010
Matt Doherty,history.php?c=Matt+Doherty,Matt+Doherty,SMU,2010
Ronnie Arrow,history.php?c=Ronnie+Arrow,Ronnie+Arrow,South Alabama,2010
Darrin Horn,history.php?c=Darrin+Horn,Darrin+Horn,South Carolina,2010
Tim Carter,history.php?c=Tim+Carter,Tim+Carter,South Carolina St.,2010
Dave Boots,history.php?c=Dave+Boots,Dave+Boots,South Dakota,2010
Scott Nagy,history.php?c=Scott+Nagy,Scott+Nagy,South Dakota St.,2010
Stan Heath,history.php?c=Stan+Heath,Stan+Heath,South Florida,2010
Dickey Nutt,history.php?c=Dickey+Nutt,Dickey+Nutt,Southeast Missouri St.,2010
Jim Yarbrough,history.php?c=Jim+Yarbrough,Jim+Yarbrough,Southeastern Louisiana,2010
Rob Spivery,history.php?c=Rob+Spivery,Rob+Spivery,Southern,2010
Chris Lowery,history.php?c=Chris+Lowery,Chris+Lowery,Southern Illinois,2010
Larry Eustachy,history.php?c=Larry+Eustachy,Larry+Eustachy,Southern Miss,2010
Roger Reid,history.php?c=Roger+Reid,Roger+Reid,Southern Utah,2010
Mark Schmidt,history.php?c=Mark+Schmidt,Mark+Schmidt,St. Bonaventure,2010
Brian Nash,history.php?c=Brian+Nash,Brian+Nash,St. Francis NY,2010
Don Friday,history.php?c=Don+Friday,Don+Friday,St. Francis PA,2010
Norm Roberts,history.php?c=Norm+Roberts,Norm+Roberts,St. John's,2010
Johnny Dawkins,history.php?c=Johnny+Dawkins,Johnny+Dawkins,Stanford,2010
Danny Kaspar,history.php?c=Danny+Kaspar,Danny+Kaspar,Stephen F. Austin,2010
Derek Waugh,history.php?c=Derek+Waugh,Derek+Waugh,Stetson,2010
Steve Pikiell,history.php?c=Steve+Pikiell,Steve+Pikiell,Stony Brook,2010
Jim Boeheim,history.php?c=Jim+Boeheim,Jim+Boeheim,Syracuse,2010
Jim Christian,history.php?c=Jim+Christian,Jim+Christian,TCU,2010
Fran Dunphy,history.php?c=Fran+Dunphy,Fran+Dunphy,Temple,2010
Bruce Pearl,history.php?c=Bruce+Pearl,Bruce+Pearl,Tennessee,2010
Jason James,history.php?c=Jason+James,Jason+James,Tennessee Martin,2010
John Cooper,history.php?c=John+Cooper,John+Cooper,Tennessee St.,2010
Mike Sutton,history.php?c=Mike+Sutton,Mike+Sutton,Tennessee Tech,2010
Rick Barnes,history.php?c=Rick+Barnes,Rick+Barnes,Texas,2010
Mark Turgeon,history.php?c=Mark+Turgeon,Mark+Turgeon,Texas A&M,2010
Perry Clark,history.php?c=Perry+Clark,Perry+Clark,Texas A&M Corpus Chris,2010
Ryan Marks,history.php?c=Ryan+Marks,Ryan+Marks,Texas Pan American,2010
Tony Harvey,history.php?c=Tony+Harvey,Tony+Harvey,Texas Southern,2010
Doug Davalos,history.php?c=Doug+Davalos,Doug+Davalos,Texas St.,2010
Pat Knight,history.php?c=Pat+Knight,Pat+Knight,Texas Tech,2010
Ed Conroy,history.php?c=Ed+Conroy,Ed+Conroy,The Citadel,2010
Gene Cross,history.php?c=Gene+Cross,Gene+Cross,Toledo,2010
Pat Kennedy,history.php?c=Pat+Kennedy,Pat+Kennedy,Towson,2010
Don Maestri,history.php?c=Don+Maestri,Don+Maestri,Troy,2010
Dave Dickerson,history.php?c=Dave+Dickerson,Dave+Dickerson,Tulane,2010
Doug Wojcik,history.php?c=Doug+Wojcik,Doug+Wojcik,Tulsa,2010
Mike Davis,history.php?c=Mike+Davis,Mike+Davis,UAB,2010
Gary Stewart,history.php?c=Gary+Stewart,Gary+Stewart,UC Davis,2010
Pat Douglass,history.php?c=Pat+Douglass,Pat+Douglass,UC Irvine,2010
Jim Wooldridge,history.php?c=Jim+Wooldridge,Jim+Wooldridge,UC Riverside,2010
Bob Williams,history.php?c=Bob+Williams,Bob+Williams,UC Santa Barbara,2010
Kirk Speraw,history.php?c=Kirk+Speraw,Kirk+Speraw,UCF,2010
Ben Howland,history.php?c=Ben+Howland,Ben+Howland,UCLA,2010
Randy Monroe,history.php?c=Randy+Monroe,Randy+Monroe,UMBC,2010
Matt Brown,history.php?c=Matt+Brown,Matt+Brown,UMKC,2010
Eddie Biedenbach,history.php?c=Eddie+Biedenbach,Eddie+Biedenbach,UNC Asheville,2010
Mike Dement,history.php?c=Mike+Dement,Mike+Dement,UNC Greensboro,2010
Benny Moss,history.php?c=Benny+Moss,Benny+Moss,UNC Wilmington,2010
Lon Kruger,history.php?c=Lon+Kruger,Lon+Kruger,UNLV,2010
Kevin O'Neill,history.php?c=Kevin+O%27Neill,Kevin+O%27Neill,USC,2010
Eddie Payne,history.php?c=Eddie+Payne,Eddie+Payne,USC Upstate,2010
Scott Cross,history.php?c=Scott+Cross,Scott+Cross,UT Arlington,2010
Jim Boylen,history.php?c=Jim+Boylen,Jim+Boylen,Utah,2010
Stew Morrill,history.php?c=Stew+Morrill,Stew+Morrill,Utah St.,2010
Dick Hunsaker,history.php?c=Dick+Hunsaker,Dick+Hunsaker,Utah Valley,2010
Tony Barbee,history.php?c=Tony+Barbee,Tony+Barbee,UTEP,2010
Brooks Thompson,history.php?c=Brooks+Thompson,Brooks+Thompson,UTSA,2010
Homer Drew,history.php?c=Homer+Drew,Homer+Drew,Valparaiso,2010
Kevin Stallings,history.php?c=Kevin+Stallings,Kevin+Stallings,Vanderbilt,2010
Shaka Smart,history.php?c=Shaka+Smart,Shaka+Smart,VCU,2010
Mike Lonergan,history.php?c=Mike+Lonergan,Mike+Lonergan,Vermont,2010
Jay Wright,history.php?c=Jay+Wright,Jay+Wright,Villanova,2010
Tony Bennett,history.php?c=Tony+Bennett,Tony+Bennett,Virginia,2010
Seth Greenberg,history.php?c=Seth+Greenberg,Seth+Greenberg,Virginia Tech,2010
Duggar Baucom,history.php?c=Duggar+Baucom,Duggar+Baucom,VMI,2010
Mike Deane,history.php?c=Mike+Deane,Mike+Deane,Wagner,2010
Dino Gaudio,history.php?c=Dino+Gaudio,Dino+Gaudio,Wake Forest,2010
Lorenzo Romar,history.php?c=Lorenzo+Romar,Lorenzo+Romar,Washington,2010
Ken Bone,history.php?c=Ken+Bone,Ken+Bone,Washington St.,2010
Randy Rahe,history.php?c=Randy+Rahe,Randy+Rahe,Weber St.,2010
Bob Huggins,history.php?c=Bob+Huggins,Bob+Huggins,West Virginia,2010
Larry Hunter,history.php?c=Larry+Hunter,Larry+Hunter,Western Carolina,2010
Jim Molinari,history.php?c=Jim+Molinari,Jim+Molinari,Western Illinois,2010
Ken McDonald,history.php?c=Ken+McDonald,Ken+McDonald,Western Kentucky,2010
Steve Hawkins,history.php?c=Steve+Hawkins,Steve+Hawkins,Western Michigan,2010
Gregg Marshall,history.php?c=Gregg+Marshall,Gregg+Marshall,Wichita St.,2010
Tony Shaver,history.php?c=Tony+Shaver,Tony+Shaver,William & Mary,2010
Bobby Collins,history.php?c=Bobby+Collins,Bobby+Collins,Winston Salem St.,2010
Randy Peele,history.php?c=Randy+Peele,Randy+Peele,Winthrop,2010
Bo Ryan,history.php?c=Bo+Ryan,Bo+Ryan,Wisconsin,2010
Mike Young,history.php?c=Mike+Young,Mike+Young,Wofford,2010
Brad Brownell,history.php?c=Brad+Brownell,Brad+Brownell,Wright St.,2010
Heath Schroyer,history.php?c=Heath+Schroyer,Heath+Schroyer,Wyoming,2010
Chris Mack,history.php?c=Chris+Mack,Chris+Mack,Xavier,2010
James Jones,history.php?c=James+Jones,James+Jones,Yale,2010
Jerry Slocum,history.php?c=Jerry+Slocum,Jerry+Slocum,Youngstown St.,2010
